;Stoch-Stoch Value;Stoch-Stoch Mean Stopping Time;Stoch-Determ Value;Stoch-Determ Mean Stopping Time;Rel Improvement
0;2254529.7898346186;2.315174;2026232.5500069417;2.3258345;1.1126707987327984
1;2233698.2173713823;2.2965937;1957046.6383915234;2.2957344;1.1413617711263315
2;2239228.507871429;2.2961266;1945783.4043513266;2.2269554;1.1508107751684362
3;2250970.4052638495;2.284573;2025291.3854504402;2.2913034;1.1114303953666482
4;2254174.98140915;2.300566;2046289.2572782913;2.275477;1.1015915630654103
5;2246016.709456873;2.3015258;1939027.7756907735;2.257919;1.1583210604895722
6;2240519.4846808794;2.2776425;2045509.0955522698;2.31353;1.095335869956598
7;2248857.3562434935;2.294157;2042714.2982575726;2.3179402;1.1009162456843622
8;2219900.0408455026;2.287185;2010684.9416541897;2.3094282;1.1040516566554637
9;2244919.45508058;2.2817483;1999443.756032143;2.2755814;1.1227719951150708
10;2246908.218504255;2.294612;2039023.6092928506;2.3090777;1.1019530172500065
11;2228506.8618444996;2.268772;1982994.324039115;2.282783;1.1238089967425149
12;2241944.439038032;2.2807593;2002689.74252245;2.2970653;1.119466680951905
13;2242443.2975801863;2.3011374;2001879.957933166;2.301684;1.1201687137601342
14;2267487.1302939714;2.2866595;2119961.6606954485;2.3338833;1.0695887441427254
15;2234503.701428743;2.2945285;2003253.2226320019;2.313943;1.1154374675074326
16;2238896.9250100185;2.3005576;1920194.3613263015;2.2803216;1.1659741170490603
17;2237623.1611442375;2.2969818;2012612.6140412434;2.32447;1.1118002269950908
18;2260272.9369428926;2.300203;2084469.0494109746;2.3381598;1.0843398886549054
19;2253323.3087251135;2.2924337;1991410.8521486882;2.28174;1.1315210551824741
20;2234322.607544844;2.3001156;1998944.2360374636;2.2764075;1.117751344566757
21;2253734.2559953886;2.2967734;2024755.7675724202;2.307897;1.113089436311374
22;2228708.3256089245;2.2900972;1933042.5610564286;2.28131;1.152953572005632
23;2241795.3064779746;2.2986968;2032576.2303260807;2.3314548;1.1029329542628419
